id,max_thick_val,max_thick_pos,max_camber_val,max_camber_pos
goe436,11.0,30.0,3.8,30.0
naca1410,10.0,29.9,1.0,50.0
e392,10.1,31.6,3.7,45.3
goe379,6.5,30.0,5.2,40.0
goe310,8.1,29.9,4.8,39.9
fx60100sm,10.0,27.9,3.5,56.5
goe505,14.0,19.7,5.9,39.7
goe375,6.5,20.0,4.5,30.0
goe285,11.7,30.0,3.7,30.0
fx79w151a,15.2,33.9,3.8,37.1
naca0006,6.0,30.0,0.0,0.0
ah81131,13.1,40.2,2.8,40.2
ea61009,9.0,30.0,0.0,0.0
arad20,20.0,25.0,3.8,25.0
giiig,8.3,44.9,1.3,29.9
e582,14.7,37.8,4.2,43.1
n63012a,12.0,35.0,0.0,0.0
goe797,16.0,30.0,4.9,40.0
s4110,8.4,26.6,3.1,45.4
goe481,13.4,9.6,8.8,39.4
goe387,14.9,30.0,5.5,40.0
naca23015,15.0,30.0,1.8,15.0
cp-060-050,10.8,6.3,2.7,52.1
hq2512,12.0,35.0,2.5,50.0
naca0018,18.0,30.0,0.0,0.0
isa961,9.3,20.0,4.6,40.0
nacam12,11.9,30.0,2.0,30.0
mh95,15.8,33.6,0.9,81.6
m12,11.9,30.0,2.0,30.0
naca64a010,10.0,40.0,0.0,0.0
nlf416,15.9,30.4,2.5,34.8
lg10sc,10.0,32.0,1.5,16.0
b737d,10.8,40.0,1.6,20.0
goe405,11.1,30.0,6.5,40.0
hq010,10.0,33.9,0.0,0.0
e604,18.8,37.3,3.4,42.3
naca632a015,15.0,37.1,1.7,14.6
v23010,10.2,30.0,1.8,15.0
sg6041,10.0,34.9,1.6,49.7
goe143,7.4,19.9,3.8,29.9
naca63206,6.0,35.0,1.1,50.0
p51dtip,11.4,46.3,1.3,46.3
npl9627,12.2,31.0,0.9,40.4
goe15,9.0,29.8,7.8,29.8
goe562,14.1,30.0,6.3,30.0
goe228,17.9,29.4,7.0,49.4
goe458,7.2,29.9,5.2,39.9
be50,7.3,25.0,4.1,45.0
arad10,10.0,25.0,4.0,35.0
nlf415,15.0,47.1,3.0,71.4
vr1,11.0,35.3,1.5,43.3
s827,21.0,44.9,2.2,68.0
n64015,15.0,35.0,0.0,0.0
goe676,11.9,30.0,2.0,30.0
n14,11.5,30.0,0.1,20.0
sc20404,4.0,37.0,0.7,81.0
goe15k,15.0,50.0,3.4,50.0
fx69h083,8.4,33.3,2.5,33.3
goe652,17.1,20.0,9.3,50.0
npl9660,11.3,34.2,1.0,19.8
s825,17.1,29.9,3.9,65.3
tsagi-r-3a,12.1,23.1,3.1,24.1
s9032,9.0,25.0,0.0,0.0
b737b,12.5,29.7,0.8,10.0
e638,12.4,28.5,4.4,24.5
n0012,12.0,30.0,0.0,0.0
naca2411,11.0,29.5,2.5,39.6
hq258,8.0,35.0,2.5,50.0
fx75193,19.3,40.2,3.7,69.1
sc20706,6.0,34.0,1.6,82.0
m5,8.2,30.1,2.1,30.1
fx60177,17.7,37.1,2.7,77.8
rc12b3,12.0,38.0,2.2,34.3
cp-160-050,5.2,3.4,14.3,49.2
sc21010,10.0,32.0,2.8,71.0
wb140,13.9,30.0,3.7,45.0
raf19,10.5,15.0,10.1,40.0
e203,13.6,30.7,2.3,54.1
goe493,14.9,29.3,3.4,49.3
b707a,11.4,24.0,0.2,6.0
fx711525,15.0,33.9,0.0,0.0
n6h20,20.0,40.0,6.1,40.0
marske7,12.1,42.8,2.8,39.1
ah82150a,15.0,40.2,3.3,43.5
e521,13.8,37.0,0.0,0.0
goe401,7.1,29.9,4.9,29.9
rg15,8.9,30.2,1.8,39.7
e211,10.9,31.7,2.2,65.7
goe502,15.9,29.3,6.1,49.4
fx75141,14.1,37.1,3.4,53.3
rg1495,9.5,31.0,1.6,36.0
m14,8.1,30.0,3.9,30.0
goe804,6.0,40.0,6.3,50.0
s830,21.0,38.4,4.4,70.5
v43012,12.0,32.0,3.7,15.0
goe497,12.7,30.0,5.3,50.0
goe422,17.1,29.5,6.5,39.5
s6061,9.0,34.0,1.5,43.6
goe646,18.3,29.0,4.5,49.0
e431,15.1,37.4,4.2,42.6
e1098,18.9,36.6,3.7,54.5
goe325,8.2,20.0,4.6,30.0
goe437,7.1,30.0,4.8,40.0
hq108,8.0,35.0,1.0,50.0
clarkv,11.6,30.0,3.4,50.0
hq3010,10.0,35.0,3.0,50.0
du84132v,13.6,33.9,3.1,45.3
e421,14.5,26.0,8.6,37.4
goe406,11.7,29.9,5.5,39.9
mh26,11.0,42.3,1.4,42.3
prandtl-d-tip,9.6,26.8,0.0,0.0
s817,16.0,51.1,2.8,41.1
nl722343,8.6,38.0,1.3,74.0
naca0021,21.0,30.0,0.0,0.0
oaf139,13.7,23.2,0.0,0.1
kenmar,27.9,31.0,7.7,36.9
ames02,7.7,30.0,0.5,12.5
naca652415a05,15.0,39.9,3.0,45.0
s8065,11.0,37.8,1.1,56.3
giiic,9.9,39.8,0.9,29.8
hq3012,12.0,35.0,3.0,50.0
goe766,12.0,25.0,1.5,20.0
s3010,10.3,25.0,2.3,43.3
goe05k,3.7,50.0,1.5,50.0
fx63147,14.7,33.9,3.1,33.9
goe429,11.4,30.0,0.2,10.0
lwk80100,10.1,40.2,0.0,0.0
marske5,12.2,20.0,3.4,15.0
usa25,8.3,19.9,5.2,29.9
goe681,16.8,29.2,4.4,39.2
e341,13.9,32.8,3.0,23.2
e837,16.1,36.9,0.0,0.0
naca644221,21.0,34.9,1.1,50.0
goe803h,6.3,15.0,6.6,40.0
goe222,18.5,29.2,7.2,49.2
ag08,5.8,21.0,1.7,40.4
naca001065,10.0,50.0,0.0,0.0
s9037,9.0,28.5,3.3,42.4
e471,6.3,29.8,4.5,53.5
e584,16.6,38.3,4.5,38.3
sc20010,10.0,37.0,0.0,0.0
k2,10.3,38.9,1.3,88.3
naca747a315,15.0,40.2,2.5,35.0
sc1094r8,9.4,27.8,2.1,21.7
th25816,25.7,48.3,4.0,52.9
goe358,10.9,20.0,5.6,50.0
e625,13.0,30.0,2.9,22.5
clarkys,11.7,30.0,2.4,30.0
fx74cl5140,14.0,30.9,9.9,37.1
goe619,13.7,19.5,4.5,49.5
e473,16.2,21.2,0.0,0.0
naca654221,21.0,39.9,1.1,50.0
goe483,5.5,15.0,5.8,40.0
e193,10.2,31.0,3.0,44.7
e555,16.0,31.9,2.6,67.4
ag25,7.6,24.7,2.4,45.4
b29tip,9.0,30.0,2.2,30.0
s829,16.0,48.3,0.7,48.3
vr15,8.0,35.0,1.3,20.0
goe311,8.4,19.9,6.1,39.9
goe416a,11.7,29.5,1.3,59.6
ys930,9.1,35.0,2.9,59.2
fx61184,18.4,37.1,3.1,62.9
naca23012,12.0,29.8,1.8,12.7
goe240,7.0,29.9,5.2,39.9
ah80140,14.0,30.9,4.4,33.9
fauvel,14.0,25.2,2.5,25.2
e63,4.3,22.8,5.3,50.5
fx66s196,19.6,37.1,3.8,43.5
fx78pk188,18.8,43.5,2.4,50.0
giiid,9.7,39.8,1.0,29.8
naca2412,12.0,30.0,2.0,40.0
ah80136,13.5,33.9,3.4,33.9
goe210,6.6,30.0,4.3,40.0
m2,8.0,30.0,0.0,0.0
e327,13.1,32.4,2.6,23.0
s8052,11.9,33.3,1.2,44.2
goe419,5.3,30.0,4.1,40.0
s831,18.0,44.2,5.0,53.1
goe530,12.9,29.8,5.1,29.8
goe495,6.9,30.0,5.0,50.0
m26,8.3,40.0,8.3,30.0
e864,38.8,32.7,0.1,10.8
goe574,10.3,30.0,4.9,40.0
naca643218,18.0,34.9,1.1,50.0
vr9,6.1,35.0,0.3,35.0
m9,10.4,15.0,7.2,30.0
s1223,12.1,19.8,8.1,49.0
goe513,16.6,29.8,5.2,39.8
naca642415,15.0,34.9,2.2,50.0
p51hroot,15.5,45.0,1.3,47.5
clarkx,11.7,30.0,3.3,40.0
hq2010,10.0,35.0,2.0,45.0
raf69,20.6,30.0,1.7,50.0
ag18,5.9,20.7,2.2,44.1
naca652415,15.0,39.9,2.2,50.0
n63212,12.0,34.9,1.1,55.0
goe425,16.0,29.3,4.5,39.3
naca643418,17.9,34.8,2.2,50.0
s820,16.0,45.1,2.1,59.7
goe592,14.3,29.7,7.5,39.7
fx77w270,27.1,33.9,4.3,27.9
mh25,10.0,42.2,1.4,42.2
goe506,16.5,29.3,4.7,39.3
goe395,6.1,19.9,7.0,49.9
goe517,7.0,30.0,4.7,40.0
e549,18.1,38.7,2.0,34.0
mh60,10.1,26.9,1.7,36.6
goe335,6.9,20.0,4.8,40.0
ag36,8.2,27.9,2.3,37.0
goe322,13.1,29.8,6.0,29.8
s2027,14.5,29.4,2.7,38.3
goe518,18.0,29.8,7.3,29.8
s2048,8.6,35.4,1.7,60.1
mh20,9.0,32.2,1.9,37.3
n2414,14.0,29.5,2.0,39.6
mh64,8.6,26.9,1.4,41.8
sc20402,2.0,34.0,0.5,83.0
naca16006,6.0,50.0,0.0,0.0
ag11,5.8,26.0,2.2,29.7
ah63k127,12.7,40.2,3.8,43.5
hq3518,18.0,35.0,3.5,50.0
cp-120-050,6.1,4.0,9.9,47.9
usa22,9.1,19.9,4.4,39.9
goe330,10.2,29.9,5.8,39.9
ht22,5.1,19.1,1.1,22.7
mh121,8.8,37.9,3.0,62.2
goe390,20.3,29.2,6.9,39.2
fx76100,10.1,27.9,0.0,0.0
naca24112,12.0,29.4,1.7,20.6
goe408,7.8,30.0,4.1,30.0
sd7003,8.5,24.4,1.2,38.3
ms313,13.1,37.5,1.8,67.5
e1213,17.4,22.1,2.1,35.1
fx84w218,22.0,33.9,3.2,43.5
fx68h120,11.8,25.0,2.3,33.9
naca16012,12.0,50.0,0.0,0.0
goe165,12.1,19.7,5.7,49.7
eiffel430,9.7,15.0,4.5,40.0
e226,10.2,31.3,0.5,56.9
s8036,16.0,36.8,1.3,40.4
goe482,16.5,29.6,8.8,39.6
fx84w140,14.1,37.1,4.2,40.2
s1012,12.0,37.3,0.0,0.0
s823,21.2,24.3,2.4,70.5
ah93156,15.7,39.5,3.7,41.5
n63210,10.0,35.0,1.1,60.0
usa40,13.3,30.0,4.2,40.0
naca4415,15.0,30.9,4.0,40.2
fx63120,12.0,30.8,5.2,50.0
2032c,8.0,20.0,6.9,40.0
eh3012,12.0,30.0,2.9,25.0
npl9615,11.3,34.2,1.0,19.8
nlf0215f,15.0,37.7,4.0,42.3
goe535,16.1,20.0,5.8,50.0
goe173,7.8,20.0,5.9,40.0
n9,8.5,30.0,2.7,40.0
sc20403,3.0,36.0,0.6,85.0
s4083,8.0,22.5,3.4,35.5
goe446,12.9,29.7,6.3,39.7
e664,16.6,45.6,2.6,40.7
e694,15.4,40.4,4.9,59.2
fx73cl1152,15.2,22.2,6.1,33.9
fx75vg166,16.7,43.5,2.4,40.2
goe611,12.9,29.9,5.8,39.9
goe198,7.8,19.9,6.5,39.9
goe407,9.5,29.9,4.8,39.9
giiil,8.5,35.1,1.6,25.1
glennmartin3,13.8,30.0,4.6,30.0
goe300,8.4,30.0,6.7,30.0
goe400,6.1,20.0,4.9,40.0
ah93w300,30.0,27.9,1.6,72.1
s4061,9.6,30.9,3.3,44.7
goe320,12.3,29.8,6.2,29.8
vr12,10.6,35.0,2.3,20.0
nacam6,12.0,30.0,2.1,30.0
e852,10.1,37.2,2.8,61.2
goe63,8.3,19.9,6.7,39.9
m1,6.2,30.0,0.0,0.0
sc20503,3.0,32.0,0.8,82.0
e67,11.6,32.6,3.7,51.6
goe195,8.6,20.0,5.1,50.0
e377,3.9,8.4,8.8,36.9
e395,12.3,29.5,5.2,52.3
vr8,8.2,35.0,1.3,35.0
rae69ck,12.1,37.9,1.3,75.7
rae5212,11.9,35.5,1.8,69.1
goe498,15.9,29.4,5.5,49.4
naca64a410,10.0,39.9,2.7,50.0
goe13k,14.8,50.0,5.5,60.0
ames03,10.0,37.5,1.2,17.5
eh1070,7.0,28.7,1.0,25.9
goe244,17.7,19.6,10.0,49.6
fx62k131,13.1,40.2,3.9,53.3
e399,14.8,29.0,5.1,51.4
kc135d,9.0,40.0,1.9,30.0
goe275,7.7,19.9,4.7,29.9
goe802a,9.8,30.0,6.1,40.0
august160,16.0,25.0,5.4,25.0
pw98mod,8.4,27.5,1.8,27.5
s803,11.5,37.5,3.7,46.9
hq2195,9.5,35.0,2.1,55.0
lwk80080,8.1,40.2,0.0,0.0
goe06k,7.5,50.0,3.1,50.0
e637,12.1,27.6,3.6,23.6
e434,13.3,38.6,4.3,38.6
e1212,17.7,23.4,3.2,36.4
s9027,8.0,22.9,0.0,0.0
oaf128,12.8,23.2,1.0,43.7
fx71089a,8.9,22.2,0.0,0.0
e62,5.6,26.2,5.0,49.3
goe443,5.0,30.0,0.0,0.0
npl9510,11.1,32.0,1.6,80.0
fx61147,14.8,33.9,3.2,33.9
la2573a,13.7,28.8,3.2,26.1
fx78k161,16.2,40.2,2.8,37.1
usa35,18.2,29.4,6.4,39.4
mh23,8.0,37.5,1.2,42.7
sc2110,9.9,37.7,1.9,15.7
rc0864c,8.0,40.0,1.0,35.0
m13,6.2,30.0,3.8,30.0
hq3014,14.0,35.0,3.0,50.0
hq309,9.0,35.0,3.0,50.0
goe514,16.6,19.7,6.4,39.7
goe633,13.8,19.7,4.0,39.7
e397,13.5,29.4,5.3,52.1
n24,17.0,30.0,5.4,40.0
n63412,12.0,34.9,2.2,50.0
e344,14.7,29.9,4.3,25.0
pw51,8.9,27.5,1.4,27.5
goe434,22.8,28.4,5.2,48.5
isa960,9.5,30.0,4.5,40.0
usa45m,11.6,30.0,3.3,30.0
b29root,22.0,30.2,1.7,30.2
goe134,9.5,30.0,4.0,30.0
goe421,19.0,29.3,8.1,49.3
defcnd2,14.7,28.6,3.8,28.6
goe314,8.0,29.9,4.7,29.9
hq3011,11.0,35.0,3.0,50.0
s4095,9.7,29.1,1.7,33.7
coanda2,6.0,30.0,2.9,30.0
fx66h80,8.0,27.9,2.5,25.0
raf27,9.8,30.0,0.0,0.0
saratov,9.2,15.0,9.8,40.0
mh80,12.7,21.7,2.8,21.7
e554,18.2,31.8,2.7,56.6
nlf414f,14.2,46.6,2.4,53.7
hq359,9.0,35.0,3.5,50.0
goe702,16.6,19.4,5.1,39.4
m6,12.0,30.0,2.2,30.0
hq3512,12.0,35.0,3.5,50.0
ag47ct02r,5.0,22.5,1.2,33.4
cootie,8.5,30.0,5.5,40.0
miley,12.9,35.0,4.9,35.0
rc10b3,10.0,37.7,1.7,30.3
s1014,16.5,42.2,0.0,0.0
mh104,15.2,26.4,1.9,31.1
sa7038,9.2,28.5,3.0,42.5
naca0010,10.0,30.0,0.0,0.0
dae31,11.1,29.3,6.7,47.0
nl722362,8.6,38.0,1.3,21.6
sc20612,12.0,37.0,1.9,81.0
joukowsk0015,15.0,24.6,0.0,0.0
goe531,13.8,19.5,14.7,49.3
goe481a,15.3,29.4,5.5,39.4
fx62k153,15.3,40.2,4.1,62.9
hor20,20.4,24.3,3.3,51.3
fx74130wp1,13.0,46.7,3.8,50.0
goe604,17.8,29.3,5.4,29.3
gu255118,20.0,40.0,7.1,45.0
hh02,9.6,30.0,2.0,40.0
rhodesg30,9.7,30.0,3.2,40.0
goe561,25.0,29.8,10.2,29.8
usa48,14.9,30.0,2.9,40.0
e556,16.0,31.1,3.1,61.4
usa51,9.3,30.0,2.6,30.0
e214,11.1,33.1,3.7,56.9
fx08s176,17.6,37.1,5.7,37.1
s4053,8.9,30.9,3.0,45.0
s822,16.0,39.2,1.8,59.5
goe336,9.0,29.9,5.4,29.9
goe144,7.3,19.9,4.7,39.9
sd7037,9.2,26.1,2.5,44.7
e328,13.3,31.5,3.0,22.1
fg1,8.2,30.0,3.1,40.0
fx73cl3152,15.2,22.2,8.0,43.5
rae101,10.0,30.0,0.0,0.0
goe372,6.2,29.9,4.3,39.9
goe598,6.5,39.8,1.0,49.8
s832,14.9,44.0,5.3,44.0
cp-100-050,7.0,4.2,7.9,46.5
s801,13.5,37.8,3.7,47.1
goe509,11.1,29.9,5.2,39.9
goe464,7.7,7.4,9.9,29.9
m15,12.0,30.0,3.8,30.0
fx69274,27.4,33.9,3.2,37.1
hq2090sm,9.0,35.0,2.0,50.0
goe547,10.5,29.7,4.0,49.7
bw3,5.0,7.4,5.7,45.4
goe10k,3.9,50.0,1.4,60.0
dae21,11.8,32.0,6.6,43.7
eh2070,7.0,28.7,2.0,25.9
goe29b,9.4,19.8,6.5,29.8
goe225,12.8,19.7,7.6,49.7
stcyr172,13.6,30.0,0.0,0.0
goe373,6.5,29.9,5.1,39.9
e715,15.0,33.1,2.8,42.0
ah93157,15.7,39.6,3.5,41.7
e332,11.5,32.3,3.1,22.6
fx74cl6140,14.1,30.9,7.1,33.9
sc20410,10.0,38.0,1.1,85.0
goe492,6.2,29.9,3.4,49.9
ah93k130,13.1,42.0,3.5,42.0
ah6407,6.9,20.0,5.5,40.0
goe479,11.6,30.0,4.0,40.0
raf26,6.6,29.9,2.1,49.9
naca4421,21.0,30.0,4.0,40.0
esa40,10.7,27.1,2.0,12.0
usa40b,13.6,20.0,4.0,40.0
glennmartin2,13.5,20.0,6.1,30.0
hq1012,12.0,35.0,1.0,50.0
arad13,13.0,25.0,3.6,30.0
naca651412,12.0,39.9,2.2,50.0
l188root,14.0,41.3,2.0,51.7
goe121,6.7,19.9,4.6,39.9
ag12,6.2,20.8,1.8,42.8
naca663418,18.0,44.9,2.2,50.0
goe504,18.0,29.2,5.4,39.2
hs1620,20.0,34.0,4.1,44.0
mh113,14.7,29.7,6.4,47.7
m3,11.9,30.0,0.0,0.0
hq259,9.0,35.0,2.5,50.0
hq109,9.0,35.0,1.0,50.0
a18sm,7.3,27.1,3.8,49.3
goe415,8.5,19.9,3.7,29.9
goe217,19.0,29.2,6.3,59.4
ah83159,15.9,40.2,3.8,40.2
e201,11.9,30.8,2.6,49.4
v13006,6.0,30.2,0.9,20.2
oa206,6.0,31.8,0.8,19.6
mh18,11.1,36.8,2.7,42.1
e210,13.6,32.1,3.7,50.7
fx711530,15.0,33.9,0.0,0.0
goe615,13.7,29.7,5.6,39.7
naca001234,12.0,40.0,0.0,0.0
s7075,9.0,29.0,2.8,46.8
m8,11.7,15.0,8.0,30.0
ag47c03,5.1,22.4,1.3,33.4
s8066,10.0,37.7,0.8,56.3
ah95160,16.0,38.9,5.6,44.6
s8064,12.3,37.8,1.1,56.2
gs1,13.9,30.0,4.1,50.0
e656,16.2,37.0,4.8,42.2
rg149,9.0,31.0,1.6,36.0
raf31,12.7,30.0,2.1,50.0
e793,15.6,26.7,4.2,44.7
naca1408,8.0,30.0,1.0,40.0
dbln526,26.0,50.0,4.0,50.0
goe315,8.1,29.9,4.1,29.9
ag35,8.7,27.9,2.3,37.0
ncambre,11.5,31.2,1.4,15.9
s1223rtl,13.5,19.9,8.3,55.2
naca651212,12.0,40.0,1.1,50.0
b737a,15.4,19.6,0.2,5.0
fx76mp140,14.1,33.9,7.1,46.7
mh120,11.6,34.7,2.2,44.2
naca64a210,10.0,40.0,1.3,50.0
s835,21.0,30.5,2.4,78.0
e326,12.9,33.4,2.1,19.5
n12,10.5,30.0,0.2,15.0
p51droot,16.5,38.9,1.3,68.3
nlf1015,15.0,39.8,4.3,62.8
fx84w150,15.0,37.1,4.2,40.2
naca633218,18.0,34.9,1.1,24.9
goe508,16.5,30.0,5.6,40.0
e417,14.2,38.3,3.1,76.3
fx38153,15.5,43.5,2.1,80.4
naca66-018,18.0,45.0,0.0,0.0
mh106,13.1,27.4,0.9,27.4
e171,12.3,32.4,0.0,0.0
goe523,16.5,29.7,9.7,49.7
e642,15.1,39.4,3.0,39.4
goe288,17.4,29.3,5.5,39.3
goe418,12.7,20.0,5.1,40.0
goe507,8.7,30.0,2.9,40.0
mh112,16.2,31.8,6.7,48.5
naca23112,12.0,29.5,1.2,14.7
avistar,14.5,34.2,2.3,37.9
goe328,8.2,30.0,4.3,30.0
mh30,7.8,31.0,1.7,46.4
naca0012h,12.2,22.5,0.0,0.0
goe286,9.4,29.9,4.1,29.9
goe460,20.5,30.0,0.0,0.0
fx049915,14.7,37.1,5.8,37.1
goe409,12.7,30.0,0.0,0.0
joukowsk0018,18.0,27.1,0.0,0.0
goe655,13.9,30.0,4.4,40.0
goe451,4.4,30.0,5.6,40.0
goe140,8.8,29.9,5.3,29.9
goe440,15.3,30.0,9.7,40.0
goe07k,11.0,50.0,4.5,50.0
supermarine371ii,8.4,50.0,0.9,45.0
k3311,11.0,30.0,3.3,40.0
goe113,6.7,30.0,3.0,40.0
e335,12.6,29.0,2.3,19.9
fx082512,11.8,25.0,4.2,62.9
fx63137sm,13.7,30.9,5.8,56.5
goe532,12.5,30.0,4.8,40.0
mh200,13.0,39.5,2.1,49.8
joukowsk0009,9.0,25.5,0.0,0.0
hor04,4.1,33.2,1.4,38.3
rhodesg34,14.1,30.0,4.6,40.0
e475,15.0,21.7,0.0,0.0
sd6080,9.2,30.9,3.2,44.7
e520,15.0,36.7,0.0,0.0
naca643618,17.9,34.7,3.3,50.0
df102,11.0,29.1,2.4,43.5
fx63158,15.8,33.9,3.8,37.1
naca747a415,15.0,40.2,3.0,35.0
e854,13.4,32.3,3.3,55.7
goe09k,2.5,50.0,0.9,60.0
goe404,13.2,29.6,5.0,29.6
sg6050,16.0,31.5,3.1,48.9
naca0015,15.0,30.0,0.0,0.0
fxlv152,15.3,33.9,0.0,0.0
goe57,6.3,19.9,5.1,39.9
m685,10.2,30.0,1.9,30.0
goe412,13.1,29.7,5.1,39.7
e552,18.4,32.4,2.6,51.8
n64212mb,12.0,34.9,1.5,9.9
cr001sm,7.3,27.1,4.1,45.4
e432,16.0,37.4,4.5,37.4
e662,15.0,42.8,4.1,47.5
goe572,18.6,29.9,8.3,29.9
raf32,12.7,30.0,5.0,50.0
goe227,14.6,25.0,7.8,50.0
naca634421,21.0,34.8,2.2,50.0
r1046,18.1,38.0,6.7,42.0
s3016,9.5,28.9,1.8,43.1
s807,18.0,28.7,1.9,78.3
usa98,14.3,30.0,6.4,50.0
sd6060,10.4,33.9,1.6,38.6
mh114,13.0,28.1,6.4,50.0
ah79k143,14.3,40.2,2.9,40.2
rae5215,9.7,35.5,1.5,69.1
goe329,10.2,29.9,5.5,29.9
ma409,6.8,25.0,3.3,50.0
goe116,9.3,39.8,4.1,39.8
naca001066,10.0,60.0,0.0,0.0
goe534,14.1,19.6,5.2,39.6
hq3015,15.0,35.0,3.0,50.0
goe563,8.9,29.8,2.2,49.8
goe526,12.3,29.7,4.1,39.7
e184,8.3,33.3,0.8,38.3
ui1720,13.8,19.0,4.6,21.2
goe484,6.3,30.0,5.0,50.0
e583,16.5,38.0,4.5,38.0
fx66196v,19.6,37.1,4.0,46.7
goe255,18.5,29.1,4.8,49.1
goe16k,18.2,50.0,4.1,50.0
goe360,9.7,29.9,5.9,29.9
hq17,15.2,42.0,4.5,42.0
naca4424,24.0,29.4,4.0,40.0
nlf0115,15.0,44.1,1.8,30.0
e550,18.2,34.0,2.2,29.4
s102s,15.0,40.0,2.1,68.7
goe476,14.5,29.5,5.2,39.5
s7055,10.5,31.8,3.3,38.6
bacxxx,11.3,35.0,1.4,15.0
goe550,13.0,20.0,4.3,50.0
ag16,7.1,23.4,1.9,46.9
goe238,9.8,29.8,5.5,29.8
hsnlf213,13.3,42.4,1.4,32.4
e562,15.0,27.6,4.0,50.8
c141d,10.8,40.2,1.5,50.0
ah85l120,12.1,43.5,0.0,0.0
lwk80150k25,15.0,40.2,0.0,0.0
ah7476,5.9,20.0,6.2,50.0
joukowsk0021,21.0,26.6,0.0,0.0
eh0009,9.0,28.7,0.0,0.0
clarkw,11.2,30.0,3.7,40.0
goe242,16.2,29.6,7.5,49.7
hq3013,13.0,35.0,3.0,50.0
s1010,6.0,23.3,0.0,0.0
sc20406,6.0,35.0,0.6,79.0
m21,12.0,30.0,6.0,30.0
fxs02196,19.6,37.1,3.7,43.5
pt40,11.6,27.1,2.9,41.6
goe399,6.9,29.9,4.2,39.9
rc10n1,10.0,37.6,1.5,25.0
usnps4,11.9,34.2,5.0,34.2
goe54,6.5,14.9,3.5,19.9
e297,11.4,37.7,0.0,0.0
sd2083,9.0,35.2,2.5,49.6
goe11k,7.5,50.0,2.7,60.0
m20,8.2,30.0,6.1,30.0
sg6043,10.0,32.1,5.1,53.3
ag14,5.4,19.9,2.0,41.9
dae11,12.8,32.8,6.6,44.4
ste87151,13.9,47.3,2.5,79.0
raf28,9.8,30.0,1.9,40.0
griffith30symsuction,30.6,49.3,0.0,0.0
s3,11.0,30.0,1.8,15.0
sd8040,10.0,29.7,2.1,44.0
naca66209,9.0,45.0,1.1,50.0
e857,20.3,31.5,4.9,45.1
lnv109a,13.0,23.5,6.0,31.5
goe439,7.9,30.0,5.2,40.0
mh44,9.6,27.1,1.5,36.9
goe610b,7.8,39.9,5.3,39.9
giiij,8.5,35.0,1.4,25.0
goe511,16.6,19.9,8.0,29.8
goe234,14.2,19.7,9.2,49.7
goe596,9.8,30.0,4.0,40.0
s1016,17.5,41.8,0.0,0.0
ah93w145,14.5,33.9,3.9,37.1
s4096,12.5,34.0,1.2,34.0
goe548,11.9,40.0,2.3,50.0
ag37,7.7,26.5,2.1,35.5
goe685,13.1,19.6,4.2,49.5
goe595,9.6,30.0,3.0,40.0
df101,11.0,29.1,2.3,43.5
naca654421a05,21.0,39.9,3.0,45.0
e587,16.6,41.1,4.2,51.2
goe118,8.6,29.9,5.7,39.9
fx711520,15.0,33.9,0.0,0.0
goe182,9.5,19.9,5.3,39.9
rae100,10.0,26.0,0.0,0.0
naca2415,15.0,30.0,2.0,40.0
p51htip,12.0,45.0,1.3,47.5
e678,15.1,39.8,5.1,53.7
e71,5.2,25.7,4.4,54.0
usa35b,11.6,30.0,4.1,40.0
goe298,12.8,19.6,4.5,39.6
e407,14.4,36.6,3.5,71.7
fx73cl2152,15.2,22.2,6.6,43.5
goe229,19.3,29.0,5.9,49.1
hs1404,4.0,18.0,3.1,46.0
ah93w480b,47.8,44.1,3.6,44.1
hs1430,30.0,34.0,3.0,44.0
sd7084,9.6,29.5,2.3,38.9
e1230,17.4,30.9,3.6,25.6
e64,8.4,27.8,2.9,56.5
naca634221,21.0,34.9,1.1,50.0
e502,15.6,42.1,1.5,32.3
s5010,9.8,27.6,1.8,32.0
arad6,6.0,20.0,5.0,45.0
fx63143,14.3,33.9,3.1,30.9
naca66210,10.0,45.0,1.1,50.0
isa962,9.6,20.0,4.6,40.0
ag10,4.7,16.0,1.7,32.1
e855,15.7,32.2,3.7,50.6
amsoil1,11.6,39.0,2.1,42.0
n2415,15.0,29.5,2.0,39.6
n64108,8.0,40.0,0.6,50.0
goe480,11.8,30.0,5.5,40.0
e560,16.1,24.0,4.9,51.1
goe413,16.4,30.0,4.6,40.0
b540ols,9.7,22.1,0.0,0.0
e329,13.5,30.6,3.5,25.7
m19,6.2,30.0,6.0,30.0
ssca09,9.0,37.7,1.2,17.2
be50sm,7.3,23.8,4.0,45.4
nacam2,8.1,30.0,0.0,0.0
eiffel10,2.7,0.0,6.1,40.0
fx63110,11.0,30.8,4.3,50.0
goe174,8.6,19.9,5.6,39.9
ah94156,15.6,39.6,3.6,41.5
fx66a175,17.5,33.9,4.2,40.2
ah79100a,10.0,27.9,3.6,56.5
goe679,18.3,29.1,4.5,39.1
waspsm,9.4,27.1,3.0,37.9
goe647,16.2,19.5,5.3,39.4
naca23018,18.0,30.0,1.8,15.0
goe575,13.3,29.8,3.6,39.8
goe692,16.1,30.0,5.0,40.0
naca23024,24.0,30.3,2.9,1.3
daytonwright6,13.6,30.0,4.9,40.0
rc510,10.0,40.1,2.2,25.3
usa26,9.8,19.9,4.3,39.9
fx66s161,16.1,33.9,3.9,43.5
e1214,19.8,26.2,2.1,30.4
e325,12.6,34.3,1.8,16.3
ah21-9,7.0,34.9,1.8,54.8
goe776,25.0,30.0,0.0,60.0
goe301,10.0,28.9,6.5,39.9
ht23,6.5,20.8,1.1,22.6
goe623,12.0,30.0,3.8,40.0
s1221,12.1,21.8,4.9,49.1
e224,10.2,29.8,1.5,54.2
whitcomb,11.0,35.0,2.4,82.5
e553,18.1,31.8,2.9,56.6
rg12a,9.0,34.4,1.8,34.4
fx77w121,12.1,30.9,4.6,30.9
marske3,12.1,30.0,2.8,15.0
nacacyh,11.7,30.0,2.8,40.0
coanda1,5.7,30.0,2.9,40.0
e585,14.6,37.6,4.2,42.8
goe235,6.5,19.9,3.5,39.9
goe100,6.6,20.0,3.6,39.9
e472,12.1,17.5,0.0,0.0
ag38,7.0,27.7,2.0,36.7
e66,10.1,28.7,4.1,52.3
naca64208,8.0,40.0,1.1,50.0
goe573,14.1,29.9,6.5,29.9
clarkysm,11.7,30.9,3.5,43.5
rg14,8.5,29.7,1.6,39.2
ah83150q,15.0,40.2,4.1,37.1
fx61140,14.0,33.9,2.5,30.9
usa29,13.2,29.7,5.5,39.7
dsma523b,11.0,36.0,2.4,82.0
mh32,8.7,30.2,2.3,45.7
hq2590sm,9.0,35.0,2.5,55.0
goe796,12.0,30.0,3.6,40.0
naca23021,21.0,30.0,1.9,10.0
goe654,14.5,30.0,5.2,40.0
goe382,20.0,29.0,6.0,39.0
goe303,9.8,29.9,5.9,39.9
ag24,8.4,26.0,2.2,46.9
usa34,18.0,29.5,7.7,39.5
rae5214,9.7,35.5,1.4,69.1
goe522,21.8,28.6,5.2,48.7
giiik,8.5,35.0,1.5,25.0
goe386,20.3,29.0,5.4,39.0
m25,6.3,30.0,8.2,30.0
e655,17.3,37.3,3.9,42.4
j5012,12.0,34.5,0.0,83.5
goe12k,11.1,50.0,4.1,60.0
goe308,8.1,29.9,5.0,29.9
hq259b,9.0,35.0,2.5,55.0
c5c,11.1,40.0,1.4,65.0
ea61012,12.0,30.0,0.0,0.0
fx74130wp2mod,12.9,43.5,3.9,43.5
e221,9.4,28.1,1.6,32.6
eh2010,10.1,28.7,2.0,25.9
e209,13.7,33.8,1.6,48.1
goe648,15.2,29.4,3.9,39.4
e479,16.6,25.7,0.0,0.0
n11h9,9.0,40.2,4.5,30.0
e387,9.1,31.1,3.2,44.8
mh78,14.4,22.1,1.9,17.9
naca653618,18.0,39.8,3.3,50.0
geminism,15.4,34.2,2.2,37.9
n63215b,15.0,30.0,1.5,10.0
usa46,6.5,20.0,2.2,40.0
goe371,7.0,29.9,4.6,39.9
goe559,11.2,30.0,3.4,30.0
goe444,5.6,30.0,0.0,0.0
hq159,9.0,35.0,1.5,50.0
naca64206,6.0,40.0,1.1,50.0
fx72ls160,16.0,37.1,8.2,43.5
wb13535sm,13.6,25.0,3.8,50.0
goe393,6.1,19.9,4.2,29.9
s2055,8.0,34.8,1.4,44.6
mh116,9.9,32.4,4.1,46.4
s3024,9.8,30.7,3.0,44.7
marsden,27.9,31.6,7.7,37.6
goe765,14.4,30.0,1.9,25.9
fx601261,12.6,27.9,4.0,56.5
rg14a147,7.0,29.7,1.4,34.3
n64212ma,12.0,41.2,2.5,21.5
goe682,10.7,30.0,4.3,40.0
s102b,15.0,40.0,2.0,68.7
as5048,18.0,38.3,0.8,77.8
fx84w175,17.6,37.1,4.4,43.5
goe503,15.6,29.7,7.0,39.7
goe178,8.5,30.0,4.4,30.0
cp-080-050,8.4,5.0,5.3,47.0
goe256,16.0,29.6,4.7,39.6
e904,9.0,44.9,1.3,50.4
s2050,8.9,29.8,1.1,69.5
n64012,12.0,40.0,0.0,0.0
goe08k,14.9,50.0,6.1,50.0
raf32md,10.2,30.0,4.0,50.0
goe398,13.9,30.0,4.9,40.0
chen,12.5,27.7,7.8,25.4
goe190,12.7,19.7,5.9,49.7
goe430,13.4,29.5,4.8,49.6
ls013,12.9,40.0,0.0,0.0
isa571,7.4,30.0,3.6,30.0
goe474,7.0,30.0,2.9,40.0
ys900,9.0,52.5,0.0,0.0
goe321,11.2,29.9,5.1,29.9
goe278,7.4,29.9,4.3,29.9
boe103,12.7,30.0,3.6,40.0
e433,14.2,42.6,3.9,42.6
la5055,15.9,35.0,5.9,40.0
goe624,16.0,30.0,5.2,40.0
e220,11.5,33.1,2.2,37.7
fx73170,17.1,43.5,4.4,56.5
s3021,9.5,30.0,2.5,39.2
goe376,6.6,30.0,5.0,30.0
e212,10.6,27.5,2.5,61.3
e339,13.5,30.1,4.1,25.2
usa49,7.3,30.0,1.7,30.0
naca633618,18.0,34.7,3.3,50.0
goe741,15.3,30.0,4.8,30.0
sd5060,9.5,24.9,2.0,48.5
goe424,19.9,38.5,4.8,38.5
goe167,10.1,29.9,4.5,29.9
naca001034,10.0,40.0,0.0,0.0
rhodesg32,11.9,30.0,3.9,40.0
vr7,12.0,33.0,3.1,33.0
sg6042,10.0,33.5,3.3,51.5
fx76120,12.1,27.9,0.0,0.0
lrn1015,15.2,40.0,4.9,44.0
ag17,6.5,22.1,2.0,45.5
e838,18.4,37.2,0.0,46.5
goe565,8.4,30.0,2.8,50.0
ht12,5.0,18.6,0.0,0.0
goe361,6.8,20.0,5.5,40.0
goe332,11.8,29.8,6.4,39.8
curtisc72,11.7,30.0,3.8,50.0
s833,18.0,36.3,2.5,78.8
clarkyh,11.9,30.0,2.5,30.0
naca4418,18.0,30.0,4.0,40.0
e207,12.0,29.6,2.5,38.6
naca654421,21.0,39.9,2.2,50.0
goe397,5.1,30.0,4.0,40.0
goe584,12.7,30.0,5.0,40.0
goe433,17.4,29.2,4.8,49.2
giiia,11.0,39.7,0.7,14.7
goe798,20.0,30.0,6.0,40.0
mh22,7.2,27.0,1.8,37.0
sa7036,9.2,28.1,2.6,42.1
m16,6.2,30.0,4.1,30.0
goe187,8.3,30.0,4.8,30.0
ag45ct02r,6.9,23.3,1.8,33.1
usa5,6.4,30.0,4.5,40.0
e58,5.6,30.0,6.5,50.0
goe199,7.3,30.0,5.2,30.0
naca6412,12.0,30.1,6.0,39.6
fxs21158,15.8,30.9,3.5,37.1
fx77080,8.0,27.9,0.0,0.0
du06-w-200,19.8,31.1,0.5,84.6
goe180,8.7,30.0,4.4,40.0
s5020,8.4,27.8,2.2,27.8
e540,16.9,45.5,1.6,35.7
hq358,8.0,35.0,3.5,50.0
bacnlf,10.1,43.7,1.3,76.7
n6409,9.0,29.3,6.0,39.6
r1080,18.0,40.0,3.3,40.0
goe780,12.0,50.0,1.0,40.0
oa213,12.6,32.5,3.3,25.0
ls421mod,21.0,32.5,2.3,30.0
goe499,6.8,30.0,5.9,50.0
e180,8.6,33.5,2.0,38.1
c5a,13.1,40.0,0.7,85.0
goe363,11.1,19.8,5.7,39.8
du861372,13.6,41.6,0.3,1.6
raf34,12.6,30.0,2.0,30.0
hq2510,10.0,35.0,2.5,50.0
vr13,9.5,35.0,2.0,20.0
goe117,9.0,29.8,4.6,39.8
goe402,6.8,20.0,5.7,30.0
goe570,33.7,30.0,9.7,40.0
raf6,10.0,30.0,4.6,30.0
fx66h60,6.0,22.2,1.7,17.0
tempest1,14.5,38.3,1.0,40.4
lwk80120k25,12.1,40.2,0.0,0.0
e423,12.5,23.7,9.5,41.4
n66021,21.0,45.0,0.0,0.0
stf86361,14.7,44.7,4.2,72.3
s808,21.0,24.4,2.4,72.9
e379,2.2,5.8,8.0,31.8
c141c,11.0,40.2,1.3,50.0
naca65206,6.0,40.0,1.1,50.0
goe366,13.1,29.8,7.2,39.8
n64015a,15.0,40.0,0.0,0.0
sc20412,12.0,37.0,1.3,83.0
e403,15.0,37.9,3.2,75.5
l1003,17.7,30.0,6.5,30.0
oaf102,10.2,28.7,3.6,53.1
goe457,7.8,19.9,4.2,39.9
goe601,16.0,39.0,2.5,49.0
naca632615,15.0,34.8,3.3,50.0
rcsc2,10.0,40.0,0.5,62.5
e850,8.0,36.6,1.8,71.0
fx2,20.4,43.5,3.8,69.1
goe188,8.9,30.0,4.3,30.0
goe675,14.9,29.5,5.9,39.5
e559,16.0,27.2,4.3,50.2
goe243,19.0,29.3,8.4,59.4
e748,19.7,27.4,4.6,54.9
sg6051,12.0,35.7,3.1,49.9
hq07,7.0,33.9,0.0,0.0
goe309,8.4,30.0,4.7,30.0
s7012,8.7,27.7,1.7,38.1
s4233,13.6,34.9,2.7,48.8
fx66182,18.2,33.9,3.8,37.1
n13,11.8,30.0,0.1,95.0
goe316,9.1,29.9,4.2,29.9
goe389,10.3,29.8,4.0,39.8
goe92,8.8,30.0,5.5,30.0
hs1708,7.9,22.0,5.0,46.0
m7,6.2,40.0,4.9,30.0
goe257,8.8,30.0,4.1,30.0
e266,17.3,39.8,3.1,39.8
fg2,8.2,30.0,3.3,30.0
mh24,9.0,37.3,1.2,37.3
s8037,16.0,33.5,1.9,40.4
goe287,8.9,29.9,4.9,39.9
sc1095r8,9.3,26.5,2.1,20.5
mh84,13.7,21.5,4.1,36.6
goe775,21.0,30.0,0.0,1.3
cap21c,15.6,15.7,0.6,23.9
e168,12.4,26.7,0.0,0.0
n64110,10.0,40.0,0.6,50.0
fx72150b,15.0,37.1,9.7,46.7
naca001064,10.0,40.0,0.0,0.0
pw106,8.9,27.5,2.1,27.5
ms317,17.0,37.5,1.7,72.5
sm701,16.0,36.3,3.0,60.3
e216,10.4,26.2,4.7,59.0
goe711,14.9,30.0,6.3,30.0
naca2421,21.0,30.0,2.0,40.0
n8h12,12.0,30.0,3.5,30.0
hs1606,6.0,18.0,4.4,46.0
e59,5.6,25.0,5.2,50.0
sokolov,7.1,25.0,6.3,50.0
rhodesg36,16.2,30.0,5.4,40.0
e603,19.0,40.0,3.6,35.6
ag45c03,6.9,23.5,2.0,31.7
goe81,7.4,29.9,6.3,29.9
goe279,7.4,30.0,4.7,40.0
e474,14.1,21.5,0.0,0.0
goe546,10.4,30.0,3.6,50.0
joukowsk,11.8,25.0,0.0,9.5
goe626,16.5,19.3,5.1,49.3
n11,10.9,30.0,4.4,40.0
hq208,8.0,35.0,2.0,50.0
fx78k140,14.1,43.5,4.4,43.5
goe374,6.5,30.0,4.5,30.0
nplx,10.7,35.8,1.1,73.7
boe106,13.1,30.0,3.3,40.0
e1233,18.9,29.8,4.4,29.8
giiie,8.8,44.9,1.2,29.9
lds2,12.0,34.9,2.2,45.0
ag26,6.8,23.3,2.5,45.5
goe133,7.9,30.0,4.3,30.0
dsma523a,11.0,36.0,2.3,82.0
hq3513,13.0,35.0,3.5,50.0
eh2510,10.0,30.0,2.5,25.0
fx69h098,9.9,28.2,1.7,22.5
e230,10.0,29.3,0.0,0.0
hor07,7.2,23.2,4.5,39.6
goe625,20.0,30.0,6.1,40.0
ls413,12.9,37.5,2.4,65.0
naca662215,15.0,45.0,1.1,50.0
hq158,8.0,32.5,1.5,50.0
fx05h126,12.6,37.1,4.4,37.1
vr14,8.0,35.0,1.7,20.0
sc1095,9.5,26.9,0.8,26.9
sa7026,9.0,32.9,3.8,47.1
goe269,6.6,29.9,5.0,39.9
eiffel371,14.4,30.0,3.3,30.0
naca633418,18.0,33.9,2.2,50.0
naca652215,15.0,40.0,1.1,50.0
rae103,10.0,40.0,0.0,0.0
ah93w257,25.7,30.9,2.1,77.8
fx79l100,10.1,33.9,0.0,0.0
usa32,14.7,19.8,9.3,39.8
v13009,9.0,30.1,1.3,20.1
e543,17.2,40.7,1.9,31.0
mh102,17.0,27.7,2.8,37.6
goe431,11.8,20.0,7.2,60.0
fx63145,14.5,30.9,4.0,37.1
mh61,10.2,27.6,1.4,37.3
ah79k132,13.2,40.2,3.7,40.2
sc20610,10.0,38.0,1.8,82.0
n63015a,15.0,35.0,0.0,0.0
e548,17.4,35.4,2.2,26.1
b707c,9.6,30.0,1.9,15.0
s6062,7.9,29.4,1.4,43.7
rg12a189,9.0,34.4,1.8,34.4
fx77w270s,27.1,33.9,4.2,27.9
sc20714,14.0,37.0,2.5,81.0
e657,15.6,37.0,4.6,47.6
e195,11.8,35.0,2.7,44.2
e1200,16.9,36.1,3.5,50.2
c5e,10.8,40.0,1.4,30.0
goe290,17.6,29.1,3.9,39.2
rae102,10.0,36.0,0.0,0.0
dormoy,9.0,30.0,2.9,40.0
ah94145,14.6,38.9,5.6,44.6
fx84w097,9.7,33.9,2.8,37.1
ag13,5.8,21.3,2.0,41.8
ah93k131,13.1,41.3,3.6,41.3
n64212,12.0,40.0,1.1,50.0
e374,10.9,34.3,2.0,38.9
goe280,7.9,30.0,4.5,30.0
defcnd3,11.5,28.6,2.4,28.6
ah79100b,10.0,30.9,6.4,50.0
goe612,15.0,29.5,5.0,49.5
sg6040,16.0,35.3,2.3,60.5
e856,18.2,31.9,4.2,50.2
mh27,12.0,42.4,1.4,42.4
marske2,12.1,25.0,2.7,15.0
ag09,4.9,17.4,1.8,34.1
naca66206,6.0,45.0,1.1,50.0
goe323,11.1,29.8,5.2,29.8
goe346,5.7,39.9,3.8,39.9
ah81k144,14.5,40.2,4.2,46.7
naca25112,12.0,29.5,2.0,27.2
goe587,5.8,40.0,3.0,30.0
c141e,10.5,40.2,1.8,50.0
e205,10.5,29.7,2.5,38.7
fx78k150,15.1,43.5,4.3,43.5
ls417,17.0,40.0,2.4,65.0
ah93w174,17.4,33.9,3.9,37.1
pw1211,7.0,24.0,1.7,28.2
k3311sm,11.0,30.6,3.2,41.6
goe55,6.2,14.9,2.0,19.9
dga1182,7.6,30.0,0.9,20.0
e908,9.0,44.8,2.8,66.3
fx77w343,34.4,33.9,4.7,25.0
goe282,9.1,19.9,5.0,39.9
e858,22.7,26.6,4.7,44.3
goe426,13.6,30.0,4.6,40.0
hq3510,10.0,35.0,3.5,50.0
goe650,13.4,19.5,4.4,49.5
s2091,10.1,26.0,3.7,39.5
mh82,13.3,24.6,3.9,24.6
e222,10.2,31.1,2.1,55.3
npl9626,12.1,30.9,0.7,30.9
e61,5.7,23.8,6.4,51.0
m22,6.3,30.0,6.3,30.0
e338,13.3,31.1,3.7,26.2
goe704,12.9,29.9,2.1,39.9
naca662415,15.0,45.0,2.2,50.0
sc20012,12.0,37.0,0.0,0.0
n5h15,15.4,40.0,2.9,30.0
fx73170a,17.1,43.5,5.6,43.5
fx78k140a20,14.1,43.5,4.4,43.5
fx73k170,17.1,40.2,4.6,56.5
e547,17.4,40.3,2.0,30.7
goe369,5.9,30.0,5.4,40.0
ch10sm,12.8,30.6,10.2,49.3
goe673,10.8,29.7,2.8,49.7
goe478,13.4,29.6,4.3,39.6
fx77w258,26.1,30.9,4.3,27.9
c141a,13.0,40.2,1.1,64.5
davis,11.3,30.0,3.7,40.0
n22,12.4,30.0,4.0,40.0
giiih,8.3,39.9,1.3,29.9
goe703,19.4,30.0,2.3,30.0
naca000834,8.0,40.0,0.0,0.0
s812,21.0,39.6,1.6,77.0
s2060,8.0,30.2,1.6,49.7
raf38,12.7,30.0,2.5,40.0
fx63137,13.7,30.9,6.0,53.3
e337,13.1,32.0,3.2,22.4
naca671215,15.0,50.0,1.1,50.0
s9000,9.0,28.2,2.1,44.8
e851,9.0,37.0,2.3,66.3
strand,15.4,26.1,4.1,32.1
naca65410,10.0,39.9,2.2,50.0
goe701,12.5,29.6,4.9,39.6
s4320,9.4,26.8,4.5,40.2
cast102,12.2,45.4,1.5,69.4
goe359,7.8,30.0,5.8,40.0
s811,26.3,27.4,1.7,76.4
ag455ct02r,6.5,23.3,1.8,33.1
mh62,9.3,26.9,1.6,36.6
sd7090,10.0,29.3,1.5,43.6
goe617,13.9,30.0,2.2,30.0
usa33,14.2,29.9,4.9,29.9
ah79100c,9.9,30.9,6.7,50.0
e1210,15.9,21.1,5.2,33.3
rc1264c,12.0,40.0,1.0,35.0
raf15,6.5,15.0,2.6,30.0
fx77w153,15.2,27.9,4.5,27.9
sc20710,10.0,37.0,2.1,81.0
e435,16.2,40.9,4.4,56.2
fx76mp160,16.1,33.9,6.1,50.0
e385,8.4,29.6,5.3,47.5
goe591,11.2,30.0,5.1,40.0
bqm34,9.9,32.5,0.0,0.0
fx74080,8.2,43.5,4.3,46.7
naca001264a08cli02,11.0,39.9,1.8,29.9
goe677,12.0,30.0,2.2,30.0
m24,12.0,30.1,6.3,30.1
hq09,8.1,33.9,0.0,0.0
hq1010,10.0,35.0,1.0,50.0
fxs03182,18.2,40.2,2.9,56.5
e426,10.8,25.5,0.6,50.6
ah94w301,30.1,30.9,1.3,80.4
goe693,12.0,30.0,3.6,40.0
naca63209,9.0,35.0,1.1,50.0
fxm2,8.4,19.6,4.8,30.9
s815,26.2,25.7,2.9,77.9
goe226,13.9,19.7,8.1,49.7
nn7mk20,16.9,37.1,3.0,59.8
e228,10.1,31.9,0.3,31.9
nlr1t,8.7,38.3,1.3,22.3
goe777,22.0,30.0,5.9,30.0
l7769,11.0,30.0,4.4,30.0
goe326,8.2,29.9,4.7,39.9
kc135a,15.5,35.0,1.3,20.0
goe364,10.8,30.0,6.5,30.0
clarky,11.7,28.0,3.4,42.0
ag19,5.4,20.6,2.2,44.2
goe459,12.7,30.0,0.0,0.0
goe420,18.8,30.0,4.3,50.0
ag46c03,6.0,23.3,1.9,37.3
goe445,6.4,40.0,0.0,0.0
sd2030,8.6,35.5,2.2,45.3
raf30,12.6,30.0,0.0,0.0
n63215,15.0,34.9,1.1,50.0
goe477,10.1,30.0,4.9,40.0
fg4,12.7,30.0,4.7,30.0
rg15a213,13.0,30.2,2.5,39.7
goe304,9.0,29.8,6.3,39.8
oa209,9.0,29.3,1.6,17.1
tempest3,10.0,38.7,1.0,40.7
n6h15,15.6,40.0,4.5,40.0
goe122,7.3,30.0,4.1,30.0
ste87391,14.6,34.1,4.2,58.3
m665,7.8,30.0,1.4,30.0
goe614,18.8,29.2,6.2,39.2
goe177,7.7,20.0,5.0,40.0
e635,11.6,26.2,2.9,22.2
fx76mp120,12.1,33.9,7.6,46.7
goe585,8.2,20.0,3.4,40.0
e818,9.4,33.1,2.8,67.0
goe533,13.7,30.0,4.7,40.0
n0009sm,9.0,30.9,0.0,0.0
fx79w660a,66.4,46.7,2.3,17.0
e598,11.1,24.2,4.5,34.4
goe392,10.2,30.0,4.8,40.0
ssca07,7.0,37.7,0.9,17.2
vr8b,8.2,35.0,1.2,35.0
naca0008,8.0,30.0,0.0,0.0
goe744,14.5,20.0,7.0,30.0
n0011sc,11.0,40.0,0.0,0.0
naca661212,12.0,45.0,1.1,50.0
mh110,10.0,23.9,1.0,15.8
ls417mod,17.0,30.2,2.3,20.2
hq2511,11.0,33.9,2.5,50.0
goe417a,3.2,2.5,5.9,40.0
s809,21.0,39.5,1.0,82.3
e331,11.2,28.3,2.7,23.6
ebambino7,6.0,40.0,1.9,20.0
tsagi12,11.9,30.0,2.0,30.0
goe289,16.8,30.0,6.1,40.0
goe500,10.0,30.0,6.0,50.0
e546,16.2,40.3,1.8,26.2
s4022,11.3,34.1,4.3,57.8
giiin,8.4,30.2,2.1,20.2
goe593,11.9,30.0,4.1,40.0
goe566,8.7,30.0,2.6,40.0
naca22112,12.0,29.5,0.8,9.6
goe801,9.8,30.0,6.1,40.0
uag8814320,14.3,43.5,6.2,46.7
goe381,6.4,30.0,5.8,30.0
mh108,11.9,22.8,1.0,22.8
e393,11.5,32.3,4.0,46.0
ag46ct02r,6.1,23.3,1.6,33.0
nacam3,11.9,30.0,0.0,0.0
goe602,10.0,30.0,3.5,40.0
tsagi8,8.0,30.0,1.3,30.0
goe241,18.9,29.5,8.4,49.5
e176,8.8,30.5,2.9,44.2
goe388,10.2,29.9,5.4,39.9
s2062,8.0,30.1,1.5,49.6
ah88k136,13.5,44.9,3.0,41.9
e544,17.5,40.0,1.9,30.5
goe184,8.3,19.9,5.3,39.9
goe622,8.0,30.0,2.4,40.0
naca651212a06,12.0,40.0,1.5,50.0
sd7032,10.0,26.6,3.4,45.1
fx057816,16.2,37.1,5.1,37.1
e396,13.1,29.5,5.4,52.1
mh93,16.0,27.6,1.4,15.2
pmc19sm,9.2,34.2,2.1,17.5
as5046,16.0,37.6,0.7,77.4
fx79l120,12.1,33.9,0.0,0.0
cp-180-050,5.0,3.2,16.4,49.3
aquilasm,9.4,31.3,4.0,34.7
fx74130wp2,13.0,43.5,3.9,46.7
goe549,13.9,30.0,4.7,40.0
hq159b,9.0,37.1,1.5,50.0
e361,12.1,37.1,1.7,27.4
lwk79100,10.0,27.9,0.0,0.0
naca4412,12.0,30.0,4.0,40.0
e558,16.0,26.4,3.8,49.3
n64008a,8.0,40.0,0.0,0.0
fx05191,19.1,37.1,2.6,50.0
s1048,14.0,27.0,0.0,0.0
goe621,15.0,29.5,5.0,49.5
ls421,20.9,40.0,2.4,65.0
goe490,8.8,19.9,3.8,39.9
e178,8.7,29.8,2.8,38.8
e542,16.9,41.3,1.9,31.5
goe277,8.3,29.9,4.4,29.9
ah79k135,13.5,40.2,3.1,40.2
usa41,6.6,30.0,4.5,40.0
goe795sm,8.0,30.9,2.4,43.5
fx6617a2,18.2,33.9,3.8,37.1
goe494,5.0,20.0,5.1,50.0
stcyr171,11.1,30.0,1.5,50.0
s8025,8.0,22.9,0.4,18.8
goe746,9.8,30.0,5.0,30.0
hq1585,8.6,35.0,1.5,50.0
goe394,6.1,19.9,5.9,39.9
m23,8.1,30.1,6.4,30.1
goe599,10.0,29.6,1.5,59.7
n64215,15.0,34.9,1.1,50.0
goe442,7.7,19.9,4.3,39.9
s8038,13.0,32.9,0.6,40.1
rg1410,10.0,31.0,1.6,36.0
sd8020,10.1,27.5,0.0,42.1
goe590,5.7,30.0,4.0,30.0
goe380,6.6,30.0,5.6,30.0
hq1510,10.0,35.0,1.5,50.0
dga1138,6.9,30.0,2.6,40.0
e378,4.1,7.8,8.1,35.9
drgnfly,19.3,37.6,6.6,40.9
m18,12.0,30.0,4.1,30.0
naca65210,10.0,40.0,1.1,50.0
rae2822,12.1,37.9,1.3,75.7
naca64209,9.0,40.0,1.1,50.0
e551,18.2,32.4,2.8,57.1
goe276,7.3,30.0,4.0,30.0
a63a108c,7.7,30.0,0.5,12.5
s1091,5.1,13.4,5.7,45.1
e541,16.6,46.2,1.7,36.3
s816,21.0,39.0,1.8,67.6
ht08,5.0,20.2,0.0,0.0
e591,15.7,25.0,6.0,52.3
goe496,10.0,30.0,5.0,50.0
usa28,13.2,29.9,3.8,49.9
e231,12.3,39.4,2.5,39.4
r1082t,16.0,40.0,3.0,40.0
s1046,17.0,30.8,0.0,0.0
fx72150a,15.0,37.1,8.3,46.7
goe438,11.0,29.8,3.8,39.8
e336,12.8,28.1,2.8,23.4
r1082,18.0,40.0,3.4,40.0
goe344,7.2,19.9,2.7,39.9
goe723,11.6,29.7,4.5,49.7
sd7034,10.5,26.0,3.6,39.4
rae5213,10.0,35.5,1.4,69.1
naca2418,18.0,30.0,2.0,40.0
dfvlrr4,13.4,37.9,2.1,79.9
goe512,13.9,19.9,5.6,29.9
naca633018,18.0,33.9,0.0,0.0
n5h20,19.9,40.0,4.5,40.0
mh45,9.8,26.9,1.7,36.6
usa27m2,13.3,30.0,5.0,40.0
rc1064c,10.0,40.0,1.0,35.0
fg3,10.1,30.0,4.3,30.0
e330,11.0,29.2,2.1,16.9
goe767,12.0,20.0,1.5,20.0
hq1512,12.0,35.0,1.5,50.0
s6063,7.0,29.4,1.3,43.8
n6h10,10.0,40.0,4.6,40.0
s810,18.0,44.2,0.9,10.9
mh122,9.3,37.6,3.4,64.3
kc135winglet,8.0,40.0,2.7,65.0
goe142,6.2,24.9,3.8,34.9
amsoil2,11.8,39.0,1.0,48.0
atr72sm,14.5,25.4,2.9,21.4
naca2410,10.0,29.9,2.0,40.0
e668,13.9,37.3,4.0,47.8
s4180,9.8,26.1,4.0,39.4
sc21006,6.0,30.0,2.6,73.0
s3025,9.4,30.9,3.0,44.9
goe432,7.7,20.0,4.3,40.0
rc410,10.0,37.8,2.1,30.3
hs1712,12.0,36.0,4.9,44.0
e398,14.2,29.6,5.3,50.9
nasasc2-0714,13.9,37.0,2.5,80.0
goe670,9.0,30.0,3.4,40.0
clarkk,11.7,29.7,3.3,39.6
naca65209,9.0,40.0,1.1,50.0
ht05,4.8,17.1,0.0,63.3
goe233,11.6,19.8,8.2,49.8
rc08b3,8.0,37.8,1.1,34.1
sd7043,9.1,26.6,3.3,50.2
mh117,9.8,29.1,2.7,44.6
n5h10,9.9,40.0,2.3,40.0
hor12,11.9,22.8,3.7,46.2
falcon,13.7,30.6,1.6,20.5
s4310,10.9,30.7,4.2,39.8
mh33,7.3,29.3,1.1,43.9
goe683,19.9,30.0,3.0,30.0
fx69pr281,28.1,22.2,5.6,50.0
e182,8.5,32.4,1.2,37.5
cr1,12.2,24.0,4.7,42.0
goe441,16.0,29.5,7.7,39.5
naca2408,8.0,29.9,2.0,40.0
goe630,12.6,29.8,7.7,39.8
e639,12.6,29.2,4.8,29.2
daytonwrightt1,13.4,30.0,4.4,40.0
usa31,14.8,19.7,9.3,39.7
s819,21.1,28.4,1.3,77.3
clarym15,15.0,29.6,3.6,39.6
mh150,23.9,27.2,4.5,53.8
e376,2.5,4.3,9.0,32.7
mh81,12.9,25.4,3.3,25.4
davissm,5.9,30.6,5.9,45.4
s3002,9.9,30.6,2.3,49.8
fx83w160,16.1,37.1,3.9,62.9
s821,24.2,24.6,2.6,77.6
e360,12.2,36.9,1.6,27.2
raf48,15.0,30.0,2.9,40.0
mh91,15.0,27.3,1.4,18.7
r140,12.0,39.3,0.5,42.3
goe567,14.8,29.5,5.3,49.5
naca001034a08cli02,10.0,40.0,1.3,50.0
e863,35.7,28.5,0.0,0.0
goe164,8.9,19.9,6.6,39.9
goe284,17.7,29.3,5.1,39.3
mh46,9.1,27.1,1.4,36.9
goe147,7.5,14.9,3.8,29.9
goe176,10.3,19.8,5.6,39.8
rg15a111,11.0,30.2,1.8,39.7
hobie,8.5,25.0,4.0,45.0
apex16,12.9,38.6,2.4,59.6
e422,14.0,24.1,7.1,34.8
vr11x,11.0,40.0,2.4,25.0
fx60160,15.6,40.0,3.1,60.0
goe610bm,7.7,30.0,5.5,40.0
goe265,7.7,14.9,7.3,39.9
prandtl-d-root,12.0,30.9,3.5,37.1
ultimate,12.8,34.2,0.0,0.0
mh43,8.5,31.4,1.7,36.4
naca644421,20.9,34.8,2.2,50.0
b707e,9.0,42.0,1.8,34.0
goe331,10.6,29.9,6.9,39.9
s4094,9.9,29.1,1.8,33.6
e420,14.3,22.8,10.6,40.5
lrn1007,7.3,39.8,5.9,44.6
eh1090,9.0,28.7,1.0,25.9
eiffel385,13.4,20.0,4.4,50.0
fx60157,15.7,40.2,2.7,75.0
rg8,10.8,31.1,2.2,60.5
goe447,12.7,29.7,8.0,39.7
e169,14.4,26.5,0.0,0.0
goe396,4.7,30.0,5.8,40.0
naca2424,24.0,29.7,2.0,40.0
spicasm,11.7,30.0,4.7,35.0
fx83w108,10.9,30.9,4.2,53.3
doa5,16.2,40.1,2.5,76.0
e1211,18.0,20.9,4.4,37.7
s8035,14.0,29.1,0.0,0.0
dh4009sm,8.9,41.6,0.2,9.6
goe264,6.4,20.2,5.7,28.9
goe613,10.3,30.0,4.1,40.0
fx61163,16.4,37.1,2.6,33.9
ua79sfm,18.8,42.8,3.0,66.9
goe600,13.1,29.4,1.9,49.4
as5045,15.0,37.5,1.0,27.2
mh42,8.9,31.3,1.8,36.3
pw75,8.9,27.5,1.5,23.4
giiii,8.5,40.0,1.3,25.0
m10,6.2,30.0,1.9,30.0
fx83w227,22.6,33.9,3.4,40.2
fx63100,9.9,30.8,4.3,50.0
goe274,8.7,29.9,4.8,29.9
naca001264,12.0,40.0,0.0,0.0
e342,14.3,31.8,3.5,22.2
s8055,12.0,33.9,1.6,44.7
s805a,13.5,40.0,2.1,35.0
goe114,9.6,29.7,3.5,49.7
goe367,16.3,29.7,4.6,39.7
ah82150f,15.0,43.5,3.6,46.7
goe802b,9.8,30.0,6.1,40.0
nlr7301,16.5,35.0,1.7,75.0
oaf117,11.5,23.2,2.0,46.9
goe207,8.8,19.9,6.6,29.9
ag27,6.1,21.7,2.6,44.0
e874,7.9,28.8,0.9,35.7
naca642215,15.0,34.9,1.1,50.0
naca63a210,10.0,34.9,1.3,50.0
defcnd1,20.9,28.6,4.5,36.1
trainer60,18.3,27.1,0.1,1.3
c141f,10.0,40.2,2.3,45.1
goe123,5.4,25.0,5.7,40.0
e334,11.9,30.3,4.0,25.4
fx71l150,15.0,33.9,0.0,0.0
mh83,13.3,20.6,4.5,32.6
mh70,11.1,29.4,3.0,39.6
goe462,11.0,9.9,13.4,29.9
naca001035,10.0,50.0,0.0,0.0
goe627,15.8,30.0,4.1,30.0
goe770,21.0,30.0,4.0,30.0
fx60126,12.6,27.9,3.6,56.5
ah93w215,21.2,33.9,3.1,40.2
mb253515sm,15.0,35.0,2.5,37.5
m27,12.0,30.1,8.4,30.1
s9033,7.5,22.8,0.0,0.0
sa7035,9.2,27.9,2.4,41.9
e428,11.1,17.2,0.5,50.6
ah80129,12.9,40.2,4.1,43.5
goe510,13.7,19.7,5.8,39.7
goe368,7.7,14.9,3.8,29.9
e580,16.1,33.0,4.1,61.2
c5b,11.5,40.0,1.2,70.0
fxl142k,14.2,30.9,0.0,0.0
goe735,20.1,30.0,4.4,30.0
coanda3,7.0,30.0,2.9,40.0
mh38,9.7,31.6,3.9,45.3
e557,16.0,30.2,3.7,60.8
sc20614,14.0,36.0,2.1,81.0
vr5,12.0,35.0,3.4,35.0
vr7b,12.0,33.0,3.0,29.0
e1212mod,17.7,20.1,2.6,35.1
ua2-180sm,18.2,34.1,6.5,39.3
fx71120,12.0,25.0,0.0,0.0
goe571,24.9,29.4,9.8,29.4
e68,13.1,32.0,3.3,50.9
s1210,12.0,21.4,6.7,51.1
sa7024,7.0,25.9,3.3,43.3
rc12n1,12.0,37.4,1.4,30.0
b707d,9.0,40.0,1.8,30.0
e333,11.7,31.3,3.5,26.4
ua79sf18,18.8,42.8,3.7,63.4
dae51,9.4,30.7,4.0,46.4
m11,8.2,30.0,1.9,30.0
goe645,15.4,19.4,4.8,39.4
sd7062,14.0,25.5,3.5,38.8
cp-140-050,5.5,3.6,12.2,47.7
ag44ct02r,7.3,24.6,1.9,34.4
goe14,9.9,29.8,6.9,29.8
mh92,15.5,27.4,1.4,15.1
b707b,12.1,29.9,0.7,9.9
sd7080,9.2,30.0,2.1,44.4
ah88k130,13.0,43.5,3.9,46.7
supermarine371i,13.0,40.0,0.9,50.0
naca641112,12.0,40.0,0.6,50.0
goe529,9.7,29.9,5.8,39.9
s834,15.0,39.5,1.6,60.0
ls413mod,13.0,35.0,2.2,40.0
goe628,16.7,19.4,5.6,39.3
rg12,9.3,34.4,1.4,34.4
k1,11.6,33.0,1.9,75.0
naca16009,9.0,50.0,0.0,0.0
s813,16.0,40.4,2.3,54.4
naca16021,21.0,50.0,0.0,0.0
goe564,8.2,30.0,2.7,40.0
mue139,13.9,22.2,4.7,30.9
sc20712,12.0,37.0,2.2,81.0
usa27,11.1,30.0,5.1,40.0
goe318,9.1,29.9,4.3,29.9
usa35a,18.2,29.4,6.4,39.4
nacam18,12.0,30.0,4.1,30.0
us1000root,18.6,27.1,0.0,0.0
goe101,6.9,30.0,4.0,30.0
goe488,6.8,19.9,3.0,39.9
hq209,9.0,35.0,2.0,50.0
gm15sm,6.7,20.5,4.8,49.3
goe528,12.5,29.8,6.2,39.8
goe377,6.5,30.0,3.9,40.0
e545,17.4,39.3,1.8,29.9
naca16018,18.0,50.0,0.0,0.0
sc20414,14.0,36.0,1.5,83.0
e197,13.5,34.6,2.8,43.7
goe602m,9.6,30.0,3.8,50.0
tempest2,12.0,37.3,0.9,39.3
ah81k144wfklappe,22.0,17.0,1.1,56.5
k3,17.3,33.1,2.6,74.7
m17,8.1,40.0,4.1,30.0
goe632,14.0,30.0,3.9,40.0
naca1412,12.0,29.9,1.0,40.0
fx66s171,17.1,33.9,3.9,43.5
clarym18,18.0,29.6,3.6,39.6
goe223,18.8,29.1,5.7,49.1
e561,16.9,27.9,5.1,45.8
ah21-7,9.0,34.9,2.3,54.8
s806a,11.5,45.0,2.8,45.0
fx601001,10.1,30.8,3.6,59.7
n10,11.2,30.0,3.6,40.0
psu94097,9.7,32.3,4.0,46.3
usa50,7.0,30.0,2.0,40.0
mrc-16,13.9,34.6,3.0,40.3
fx80080,8.1,40.2,2.2,50.0
s4062,9.5,31.7,4.0,50.4
giiim,8.5,35.2,1.9,25.2
v43015,15.0,30.0,3.7,15.0
giiif,8.3,44.9,1.3,29.9
ea81006,6.0,30.0,0.0,0.0
s1221-flap,12.1,21.8,5.3,52.9
goe137,8.6,29.9,4.4,39.9
naca653218,18.0,39.9,1.1,50.0
sc1012r8,12.0,27.8,2.7,21.8
eh2012,12.0,28.7,2.0,25.9
n64012a,12.0,40.0,0.0,0.0
raf30md,7.6,30.0,0.0,0.0
goe525,16.5,29.7,9.7,49.7
e49,7.2,38.4,6.5,62.2
e636,11.9,26.9,3.2,22.9
ua79sff,8.7,73.1,3.4,78.1
hq300gd2,16.6,39.1,3.9,39.1
goe365,11.7,29.9,5.1,39.9
s814,24.1,28.4,3.0,74.5
glennmartin4,15.5,30.0,6.0,30.0
goe527,16.5,29.5,5.8,39.5
goe281,8.0,30.0,4.5,40.0
n63415,15.0,34.9,2.2,50.0
sd8000,8.9,29.4,1.5,54.0
mh94,16.0,34.1,1.3,74.1
sa7025,8.0,29.2,3.6,43.2
goe448,12.9,29.8,10.5,39.8
goe450,8.9,29.9,5.2,39.9
s9026,9.5,27.3,0.0,0.0
raf33,12.6,30.0,4.7,30.0
sc20518,18.0,35.0,1.9,82.0
e682,15.3,40.4,2.9,40.4
clarkz,11.8,30.0,4.0,40.0
c141b,12.6,40.2,1.1,64.5
bambino6,12.0,40.0,2.8,40.0
pfcm,8.2,40.0,1.3,50.0
s828,16.0,47.1,2.2,47.1
c5d,11.1,40.0,1.4,60.0
fx67k170,17.0,40.2,5.1,43.5
naca16015,15.0,50.0,0.0,0.0
goe383,20.2,28.7,5.0,38.7
ah93k132,13.2,41.2,3.5,41.2
bacj,10.1,40.0,1.7,78.0
ys915,9.1,36.1,1.8,65.6
ua2-180,18.1,31.5,7.0,36.6
e174,8.9,31.2,3.3,44.9
goe155,7.0,29.9,5.3,39.9
fx05188,18.8,37.1,2.6,50.0
goe385,9.9,29.9,4.1,29.9
kc135c,10.6,40.0,1.5,25.0
goe428,7.9,30.0,5.2,40.0
goe79,6.2,14.9,6.0,29.9
giiib,10.4,39.7,0.8,24.7
l188tip,12.0,41.3,2.7,51.7
fx61168,16.8,37.1,3.0,37.1
mrc-20,15.6,38.2,2.9,48.0
goe410,16.1,30.0,0.0,0.0
goe411,13.2,30.0,0.0,0.0
ec863914,14.3,35.5,4.4,71.2
ma409sm,6.7,23.8,3.3,49.3
goe239,11.2,19.8,6.0,39.8
rc08n1,8.0,37.5,1.6,25.0
goe319,10.3,29.8,5.8,29.8
stcyr234,16.0,20.0,5.1,50.0
mh201,13.0,38.1,2.5,48.3
s3014,9.5,29.4,2.6,38.6
s2046,9.0,26.2,2.6,55.1
goe553,13.7,29.6,4.7,39.6
s802,11.5,37.9,3.8,47.3
s1020,15.1,33.8,4.6,57.0
jn153,17.6,28.2,8.4,38.1
mh115,11.1,29.8,5.5,46.0
fx79w470a,46.4,37.1,3.8,22.2
e817,11.0,32.9,2.9,66.7
goe620,17.5,30.0,5.9,50.0
r140sm,12.0,39.3,0.4,39.3
goe449,17.0,30.0,5.4,40.0
sc20606,6.0,34.0,1.3,81.0
goe802,9.8,30.0,6.1,40.0
fx79k144,14.4,43.5,2.8,40.2
eiffel428,9.0,30.0,4.2,40.0
n63010a,10.0,35.0,0.0,0.0
fx60100,10.0,27.9,3.6,56.5
goe115,9.7,29.7,3.7,39.7
fx84w127,12.8,33.9,3.7,40.2
marske4,10.2,20.0,2.8,15.0
goe769,13.8,20.0,4.8,30.0
fx6617ai,18.8,35.3,3.7,40.2
du8608418,8.5,36.9,1.0,45.8
la203a,15.7,34.3,5.5,46.0
n1h15,14.7,40.0,5.5,40.0
raf25,6.5,29.9,1.0,49.9
goe403,6.7,29.9,4.3,39.9
goe423,16.9,39.7,5.1,39.7
hq308,8.0,35.0,3.0,50.0
kc135b,13.0,40.0,1.4,20.0
goe384,19.6,29.3,6.9,39.3
e343,14.5,30.9,4.0,26.0
raf89,25.0,30.0,1.6,50.0
s804,17.9,26.7,4.2,39.6
oaf095,9.5,23.2,3.9,53.1
e186,10.2,29.0,0.8,29.0
e593,11.3,24.2,4.6,29.2
hq1511,11.0,33.9,1.5,50.0
e862,32.4,28.5,0.0,0.0
hobiesm,8.6,25.0,3.8,45.0
hq3514,14.0,35.0,3.5,50.0
stcyr24,12.4,30.0,5.9,40.0
goe324,13.1,29.8,5.9,29.8
goe435,26.1,27.8,4.7,48.0
hq2012,12.0,35.0,2.0,50.0
e836,12.6,42.8,0.0,0.0
goe758,13.9,30.0,4.7,40.0
goe491,4.9,20.0,2.9,30.0
marske1,14.0,25.1,3.0,25.1
e377m,3.8,6.1,9.2,32.6
naca664221,21.0,45.0,1.1,50.0
s818,24.0,30.9,3.3,74.2
a18,7.3,30.0,3.9,45.0
goe342,5.4,20.0,6.2,40.0
rae104,10.0,42.0,0.0,0.0
eh1590,9.0,28.7,1.5,25.9
ames01,10.3,35.0,1.4,15.0
e485,12.5,31.8,1.1,27.1
goe414,13.6,29.7,5.3,39.7
naca64210,10.0,40.0,1.1,50.0
fx3,20.0,50.0,4.2,75.0
davis-corrected,15.9,29.6,2.5,29.6
naca0024,24.0,30.0,0.0,0.0
goe417,6.0,20.0,6.1,40.0
goe738,15.4,30.0,2.1,30.0
goe124,7.9,29.9,5.6,39.9
s4158,10.9,35.3,3.7,44.7
b737c,10.0,39.9,1.5,20.4
naca663218,18.0,45.0,1.1,50.0
oa212,12.0,31.8,2.3,31.8
goe456,7.2,29.9,5.2,39.9
m4,6.3,30.0,2.2,30.0
fx67k150,15.0,40.2,4.8,43.5
goe391,5.1,40.0,3.2,40.0
goe629,13.6,29.4,2.8,39.4
goe362,6.6,20.0,5.3,40.0
goe515,8.5,30.0,2.8,40.0
goe501,12.8,30.0,6.3,50.0
goe14k,12.0,50.0,2.7,50.0
e853,11.6,37.1,3.1,56.1
usa45,14.5,29.8,4.1,29.8
goe427,4.6,20.0,5.4,40.0
psu-90-125wl,12.5,35.1,2.0,54.4
goe795,8.0,30.9,2.4,43.5
ag04,6.4,22.5,1.7,41.5
s826,14.0,33.7,4.3,62.0
n2h15,14.7,40.0,4.5,40.0
e654,17.2,36.1,4.9,46.5
fx74modsm,13.1,27.1,9.7,41.6
ag03,6.2,25.7,2.0,33.1
e340,13.7,28.8,2.6,19.7
goe370,4.7,20.0,5.7,40.0
